"source_term","chosen_arabic","status","adverse_or_rejected","aliases_or_notes","domain_or_context","review_status","review_date","reviewer","evidence_or_rationale"
"Open Logic Project","مشروع المنطق المفتوح","chosen","مشروع المنطق الحر","OLP; الاسم الرسمي مترجم دلاليًا","project name","internal linguistic review; independent review pending","2026-08-13","Codex","المفتوح يطابق open-source/open-access ولا يوحي بأن موضوع المنطق نفسه حر"
"Open Logic Text","نص المنطق المفتوح","chosen","كتاب المنطق المفتوح","OLT; أبقينا «نص» لأن الأصل يميز النص القابل لإعادة المزج من كتاب بعينه","work title","internal linguistic review; independent review pending","2026-08-13","Codex","ترجمة مباشرة ومتسقة مع الاسم المختصر في طبقة التوطين"
"formal meta-logic","المنطق الفوقي الصوري","chosen","الميتامنطق الشكلي","ما وراء المنطق; الميتامنطق","logic","internal subject review; expert review pending","2026-08-13","Codex","يفصل «الفوقي» مستوى دراسة النظم المنطقية عن المنطق الموضوع، ويحفظ «الصوري» وصف formal"
"formal methods","المناهج الصورية","chosen","الطرائق الشكلية","الأساليب الصورية","logic and computer science","internal subject review; expert review pending","2026-08-13","Codex","«صوري» هو المقابل الفلسفي المستقر لـ formal؛ «مناهج» يلائم الجمع المنهجي"
"rigorous","صارم","chosen","دقيق فقط","منضبط برهانيًا بحسب السياق","academic description","internal linguistic review; independent review pending","2026-08-13","Codex","يحفظ ادعاء الصرامة مع تجنب إضافة وصف برهاني غير مصرّح به"
"non-mathematical audience","جمهور غير متخصص في الرياضيات","chosen","جمهور غير رياضي","قراء لا يفترض فيهم التخصص الرياضي","audience","internal linguistic review; independent review pending","2026-08-13","Codex","يتجنب الإيحاء بأن القراء لا يستعملون الرياضيات مطلقًا"
"open source","مفتوح المصدر","chosen","حر المصدر","المصدر المفتوح","licensing and project practice","internal linguistic review; independent review pending","2026-08-13","Codex","الاصطلاح التقني العربي الأشيع والأقل التباسًا"
"LaTeX source","المصدر المكتوب بلغة LaTeX","chosen","شفرة لاتخ","ملفات LaTeX المصدرية","typesetting source","internal linguistic review; technical review pending","2026-08-13","Codex","لا يضيف مفهوم الشفرة إلى عبارة المصدر عند أول ظهور"
"Creative Commons Attribution 4.0 International License","رخصة المشاع الإبداعي: نَسْبُ المُصنَّف 4.0 الدولية","chosen","رخصة الإسناد الإبداعي","CC BY 4.0","license","official-name check; legal review not performed","2026-08-13","Codex","يتبع عنوان الصك العربي الرسمي المنشور من المشاع الإبداعي"
"appropriate credit","ينسبه إلى أصحابه على نحو ملائم","chosen","يذكر المصدر","النسب الملائم","attribution obligation","internal linguistic review; legal review not performed","2026-08-13","Codex","يحفظ شرط النسب ولا يختزله في مجرد ذكر رابط المصدر"
"theorem","مبرهنة","chosen","نظرية","—","formal logic","internal subject review; expert review pending","2026-08-13","Codex","يميز theorem من theory"
"lemma","قضية مساعدة","chosen","لمّة","مبرهنة مساعدة; توطئة","formal logic","internal subject review; expert review pending","2026-08-13","Codex","وصف عربي شفاف لوظيفة lemma ويتجنب اللفظ المنقول الملتبس في العربية العامة"
"proposition","قضية","chosen","افتراض","مقترحة","formal logic","internal subject review; expert review pending","2026-08-13","Codex","يحفظ معنى نتيجة خبرية مبرهَنة ولا يخلطه بـ assumption"
"corollary","نتيجة لازمة","chosen","لازمة","نتيجة; نتيجة تابعة","formal logic","internal subject review; expert review pending","2026-08-13","Codex","العبارة الكاملة أوضح في العناوين والمراجع"
"axiom","بديهية","chosen","موضوعة","مسلمة","formal logic","internal subject review; expert review pending","2026-08-13","Codex","المقابل الرياضي العربي الأشيع؛ وهو هنا اسم فني لمبدأ مفترض لا ادعاء بأنه واضح بذاته"
"convention","اصطلاح","chosen","اتفاقية","مواضعة","mathematical writing","internal subject review; expert review pending","2026-08-13","Codex","الاستعمال الأكاديمي العربي الطبيعي في إعلان اختيار ترميزي أو منهجي"
"further reading","قراءات إضافية","chosen","مزيد من القراءة","قراءات أخرى","front matter","internal linguistic review; independent review pending","2026-08-13","Codex","عنوان اسمي عربي موجز"
"photo credits","بيانات نسب الصور","chosen","حقوق الصور","إحالات الصور; نسب الصور","front matter and attribution","internal linguistic review; independent review pending","2026-08-13","Codex","لا يساوي credits بالحقوق القانونية ويصرح بوظيفة النسب"
"remixed by","أعاد مزجه","chosen","حرره","أعاد تركيبه","open educational resources","internal linguistic review; independent review pending","2026-08-13","Codex","يحفظ استعارة remix الخاصة بإعادة ترتيب مواد المشروع"
"computer science","علوم الحاسوب","chosen","علم الحاسوب","المعلوماتية","discipline","internal linguistic review; regional review pending","2026-08-13","Codex","صيغة مفهومة عبر الأقاليم وتوافق الجمع الاصطلاحي الشائع"
"editorial note","ملاحظة تحريرية","chosen","ملاحظة المحرر","تنبيه تحريري بحسب الوظيفة","document production","internal linguistic review; independent review pending","2026-08-13","Codex","تصف نوع الملاحظة من غير أن تنسبها إلى محرر فرد بعينه"
"logical operator","مؤثر منطقي","chosen","عامل منطقي","رابط منطقي عند الاقتصار على روابط منطق القضايا","formal logic","internal subject review; expert review pending","2026-08-13","Codex","يشمل الروابط والمكممات كما يقتضي سياق المشروع ولا يحصر المصطلح في العمليات البرمجية"
"primitive logical operator","مؤثر منطقي يُتخذ رمزًا أوليًا","chosen","مؤثر منطقي بدائي","مؤثر أولي; رمز أولي غير معرّف بواسطة مؤثرات أخرى","formal logic","internal subject review; expert review pending","2026-08-13","Codex","«أولي» يؤدي المعنى الفني لـ primitive ويتجنب الإيحاء التقويمي في «بدائي»"
"work in progress","عمل قيد التطوير","chosen","عمل تحت التنفيذ","مشروع لم يكتمل بعد","editorial status","internal linguistic review; independent review pending","2026-08-13","Codex","يحفظ التنبيه إلى عدم الاكتمال مع بيان أن العمل مستمر"
"driver file","ملف تشغيل","chosen","ملف قائد","ملف رئيس يضبط بناء مستند LaTeX","LaTeX document production","internal technical review; Arabic user review pending","2026-08-13","Codex","صياغة وظيفية مفهومة بدل النقل الحرفي الملتبس"
"derived textbook","كتاب دراسي مشتق","chosen","كتاب دراسي مستخرج","نسخة كتاب مشتقة من مواد المشروع","open educational resources","internal linguistic review; independent review pending","2026-08-13","Codex","يحفظ علاقة الاشتقاق وإعادة الاستخدام من المصدر ولا يوحي بمجرد الاستخراج الآلي"
"can be generate","يمكن بها توليد نص","source_erratum","يمكن أن يكون توليد نص","المقصود في المصدر: can be generated","source grammar","source defect verified; intended meaning translated; upstream correction pending","2026-08-13","Codex","في المصدر فعل generate بصيغته المجردة بعد can be؛ ترجمت العربية المعنى المبني للمجهول المقصود ولم تحاك الخطأ"
"Naive Set Theory","نظرية المجموعات الساذجة","chosen","نظرية المجموعات المبسطة; نظرية المجموعات الحدسية; نظرية المجموعات الفطرية","نظرية المجموعات غير المصاغة بديهيًا; عرض غير صوري لنظرية المجموعات","set theory","internal subject review; expert review pending","2026-08-13","Codex","«الساذجة» مقابل اصطلاحي لـ naive هنا بمعنى العرض غير الصوري أو غير المصاغ ضمن نسق بديهي؛ ولا تحمل حكمًا ازدرائيًا على النظرية أو دارسيها"
"Open Set Theory","نظرية المجموعات المفتوحة","chosen","نظرية المجموعات المنفتحة; نظرية المجموعات المفتوحة المصدر","Open Set Theory; العنوان التاريخي لكتاب تيم باتن، لا مبحث المجموعات المفتوحة في الطوبولوجيا","work title and open education","internal linguistic review; bibliographic review pending","2026-08-13","Codex","ترجمة مباشرة للعنوان كما يرد في المصدر؛ وإضافة «المصدر» تفسير زائد، أما التباس المقابل العربي بمصطلح طوبولوجي فيرفعه سياق اسم الكتاب"
"set","مجموعة","chosen","زمرة; طائفة","—","set theory","internal subject review; regional review pending","2026-08-13","Codex","الرأس العربي القياسي العابر للأقاليم؛ و«زمرة» محجوزة لـ group في الجبر فلا تصلح مرادفًا هنا"
"element; member","عنصر","chosen","جزء; مفردة","عضو: مرادف تقني مقبول عابر للأقاليم، لكنه ليس الرأس الموحّد في هذا النص","set theory","internal subject review; regional review pending","2026-08-13","Codex","يربط token المصدر element بصيغتي «عنصر/عناصر»؛ وتُفرغ أداة a/an لأن العربية لا تستعمل أداة تنكير مستقلة"
"empty set","المجموعة الخالية","chosen","المجموعة الصفرية","المجموعة الفارغة: مرادف مشرقي وارد؛ «الخالية» رأس موحّد موثق أيضًا في مراجع مغاربية","set theory","internal subject review; regional review pending","2026-08-13","Codex","يحفظ معنى انعدام العناصر ولا يوحي بأن الصفر عنصر المجموعة"
"extensionality","الامتدادية","chosen","التوسعية; التمددية","مبدأ تعيّن المجموعة بعناصرها: شرح وظيفي لا رأس بديل","set theory and logic","internal subject review; expert review pending","2026-08-13","Codex","المصطلح الفني يعبّر عن أن المجموعة تتحدد بامتدادها، أي بعناصرها، ويحفظ اتجاه الشرطين والعكس"
"perfect number","عدد تام","chosen","عدد مثالي","عدد كامل: مرادف مشرقي وارد؛ «عدد تام» موثق في مراجع مشرقية ومغاربية","number theory","internal subject review; regional review pending","2026-08-13","Codex","يعتمد الرأس الموجز المتداول ويحفظ التعريف بالمساواة بين العدد ومجموع قواسمه الفعلية"
"proper divisor","قاسم فعلي","chosen","قاسم مطابق","قاسم حقيقي: مرادف مشرقي وارد؛ «قاسم فعلي» موثق في مراجع مشرقية ومغاربية","number theory","internal subject review; regional review pending","2026-08-13","Codex","يحفظ الشرطين: أن يقسم العدد بلا باق وألا يساوي العدد نفسه"
"less than 10 versus 0 <= x <= 10","أقل من 10 في النثر؛ 0 <= x <= 10 في الصيغة","source_inconsistency_preserved","تغيير 10 إلى حد آخر أو توحيد العبارتين صامتًا","الاختلاف لا يغيّر المثال لأن 10 ليس عددًا تامًا، لكنه يظل اختلافًا حرفيًا في مجال الوصف","source mathematical prose and set-builder notation","source defect verified; upstream correction pending","2026-08-13","Codex","حُفظت عبارة «أصغر من 10» وحُفظت المتراجحتان الشاملتان 0 <= x <= 10 كما وردتا؛ لم يُصحح المصدر بلا سند"
"subset","مجموعة جزئية","chosen","جزء; مجموعة تابعة","مجموعة فرعية: مرشح مرادفي يحتاج ربطًا بمصدر؛ الاحتواء: اسم العلاقة لا اسم المجموعة","set theory","internal subject review; regional review pending","2026-08-13","Codex","يحفظ الفرق بين انتماء عنصر إلى مجموعة بالرمز ∈ وكون مجموعة جزئية من أخرى بالرمز ⊆"
"proper subset","مجموعة جزئية فعلية","chosen","مجموعة جزئية مناسبة; مجموعة جزئية صحيحة","مجموعة جزئية حقيقية: مرشح مرادفي يحتاج ربطًا بمصدر؛ «فعلية» هو الرأس المعتمد للرمز ⊊","set theory","internal subject review; regional review pending","2026-08-13","Codex","يصرح بشرطي الاحتواء وعدم المساواة، فلا يخلط ⊊ بالاحتواء غير الصارم ⊆"
"power set","مجموعة القوى","chosen","مجموعة الطاقة","مجموعة الأجزاء: مرشح إقليمي يحتاج ربطًا بمصدر؛ لا تُنسب إقليميًا قبل التوثيق","set theory","internal subject review; regional review pending","2026-08-13","Codex","هي مجموعة جميع المجموعات الجزئية وتحفظ الرمز المصدر Pow من غير استبداله"
"bounded universal and existential quantifiers","المكممان الكلي والوجودي المقيّدان","chosen","المكممان المحدودان بوصفه رأسًا وحيدًا","السوران المقيدان: مرشح مرادفي يحتاج ربطًا بمصدر؛ المقصود تقييد المتغير بمجموعة لا تقرير محدودية عددية","logic and set-builder notation","internal subject review; expert review pending","2026-08-13","Codex","يحفظ التكافؤين: (∀x∈A)φ اختصار للاستلزام، و(∃x∈A)φ اختصار للاقتران"
"natural number","عدد طبيعي","chosen","عدد فطري","لا يُسوّى بالعدد الصحيح الموجب لأن تعريف المصدر يضم الصفر في مجموعة الأعداد الطبيعية","number systems","internal subject review; regional review pending","2026-08-13","Codex","يحفظ تعريف المصدر Nat = {0, 1, 2, 3, ...}"
"integer","عدد صحيح","chosen","عدد كامل","العدد الكامل قد يلتبس بالعدد التام أو بتسمية أخرى؛ لا يُستعمل هنا بدل الرأس المعياري","number systems","internal subject review; regional review pending","2026-08-13","Codex","يشمل الأعداد السالبة والصفر والموجبة كما تعرضه صيغة Int"
"rational number","عدد نسبي","chosen","عدد كسري بوصفه الرأس الوحيد","عدد ناطق: مرشح إقليمي يحتاج ربطًا بمصدر","number systems","internal subject review; regional review pending","2026-08-13","Codex","يطابق تعريف المصدر على صورة m/n حيث m وn صحيحان وn لا يساوي صفرًا"
"real number","عدد حقيقي","chosen","عدد واقعي","لا يُستبدل الرأس بترجمة حرفية لكلمة real خارج الاصطلاح الرياضي","number systems","internal subject review; regional review pending","2026-08-13","Codex","يحفظ الاحتواء الصارم للأعداد النسبية في الأعداد الحقيقية"
"continuum (real-number set)","المتصل العددي","chosen","الاستمرارية; المتصلية","المتصل: صيغة مختصرة مرشحة تحتاج ربطًا بمصدر","real analysis and number systems","internal subject review; expert review pending","2026-08-13","Codex","القيد العددي يوضح أن المقصود هنا مجموعة الأعداد الحقيقية لا خاصية الاستمرار"
"infinite set","مجموعة لا نهائية","chosen","مجموعة أبدية","مجموعة غير منتهية: مرشح مرادفي يحتاج ربطًا بمصدر","set theory","internal subject review; regional review pending","2026-08-13","Codex","يشرح النص أن لكل مجموعة من المجموعات الأربع عددًا لا نهائيًا من العناصر"
"positive integer","عدد صحيح موجب","chosen","عدد طبيعي","لا يُعد العدد الطبيعي مرادفًا هنا لأن Nat في المصدر يحتوي الصفر بينما PosInt يبدأ بالواحد","number systems","internal subject review; regional review pending","2026-08-13","Codex","يحفظ تعريف المصدر PosInt = {1, 2, 3, ...} والشرط الصارم للموجبية"
"string (over an alphabet)","سلسلة","chosen","وتر; خيط حرفي","كلمة: مرشح اصطلاحي يحتاج ربطًا بمصدر؛ سلسلة رموز: شرح لا رأس بديل","formal languages and computer science","internal subject review; expert review pending","2026-08-13","Codex","يحفظ تعريف المصدر للسلسلة بوصفها متتالية منتهية على أبجدية ويشمل السلسلة الفارغة"
"alphabet (formal language)","أبجدية","chosen","الهجاء","مجموعة رموز: شرح دلالي لا رأس بديل","formal languages and computer science","internal subject review; expert review pending","2026-08-13","Codex","يشير الرأس إلى المجموعة A التي تؤخذ منها حروف السلاسل لا إلى نظام كتابة بعينه"
"empty string","السلسلة الفارغة","chosen","السلسلة الصفرية","السلسلة الخالية; الكلمة الفارغة: مرشحان مرادفيان يحتاجان ربطًا بمصدر","formal languages and computer science","internal subject review; expert review pending","2026-08-13","Codex","يحفظ الرمز Lambda وإدراج السلسلة الفارغة ضمن A* لكل أبجدية A"
"string length","طول السلسلة","chosen","حجم السلسلة بوصفه الرأس الوحيد","عدد الحروف: شرح وظيفي لا رأس بديل","formal languages and computer science","internal subject review; expert review pending","2026-08-13","Codex","يحفظ تعريف len(x)=n لسلسلة مؤلفة من n حروف"
"sequence","متتالية","chosen","سلسلة في سياق المتتاليات الرياضية","متتابعة: مرشح مرادفي يحتاج ربطًا بمصدر","mathematics and formal languages","internal subject review; regional review pending","2026-08-13","Codex","يفصل بين المتتالية العامة وبين السلسلة التي يعرّفها المصدر بأنها منتهية على أبجدية"
"infinite sequence","متتالية لا نهائية","chosen","سلسلة لا نهائية في اصطلاح هذا القسم","متتالية غير منتهية: مرشح مرادفي يحتاج ربطًا بمصدر","sequences and set theory","internal subject review; regional review pending","2026-08-13","Codex","يحفظ دلالة A^omega بوصفها مجموعة المتتاليات اللانهائية أحادية الاتجاه من عناصر A"
"union (set theory)","اتحاد","chosen","جمع; ضم بوصفه رأس العملية","اجتماع: مرشح مرادفي يحتاج ربطًا بمصدر","set operations","independent AI semantic replay passed; human review none; regional review pending","2026-08-13","Codex","يحفظ تعريف A union B بخاصية الانتماء إلى A أو B ويربط الرأس بالرمزين cup وbigcup"
"intersection (set theory)","تقاطع","chosen","ضرب; اشتراك بوصفه رأس العملية","تلاقٍ: مرشح مرادفي يحتاج ربطًا بمصدر","set operations","independent AI semantic replay passed; human review none; regional review pending","2026-08-13","Codex","يحفظ تعريف A intersection B بخاصية الانتماء إلى A وB ويربط الرأس بالرمزين cap وbigcap"
"disjoint sets","مجموعات متباينة","chosen","مجموعات مختلفة","مجموعات منفصلة: مرشح مرادفي يحتاج ربطًا بمصدر وقد يلتبس بمفاهيم الاتصال الطوبولوجي","set operations","independent AI semantic replay passed; human review none; expert review pending","2026-08-13","Codex","التباين هنا يعني تحديدًا أن التقاطع خال لا مجرد أن المجموعتين غير متساويتين"
"index set","مجموعة فهرسة","chosen","فهرس عددي","مجموعة المؤشرات: مرشح مرادفي يحتاج ربطًا بمصدر","indexed families and set operations","independent AI semantic replay passed; human review none; expert review pending","2026-08-13","Codex","هي المجموعة I التي يتراوح فيها i وتضبط صيغتي الاتحاد والتقاطع المفهرستين"
"set difference","فرق المجموعتين","chosen","طرح المجموعات","المتمم النسبي: مرشح قريب يحتاج ربطًا بمصدر وتثبيت اتجاه النسبة","set operations","independent AI semantic replay passed; human review none; regional review pending","2026-08-13","Codex","يحفظ ترتيب A setminus B: عناصر A التي لا تنتمي إلى B، فلا يعامل العملية كتبادلية"
"ordered pair","زوج مرتب","chosen","ثنائي مرتب بوصفه الرأس الوحيد","الثنائي المرتب: مرادف تقني؛ الزوج غير المرتب: وصف للمجموعة الثنائية التي لا يعتد فيها بالترتيب","set theory and relations","independent AI semantic replay passed; human review none","2026-08-13","Codex","يحفظ اعتماد المساواة على تساوي العنصر الأول وتساوي العنصر الثاني كل على حدة"
"Wiener--Kuratowski definition","تعريف وينر--كوراتوفيسكي","chosen","تعريف كوراتوفيسكي وحده بوصفه نسبة المصدر الكاملة","تمثيل الزوج المرتب بالصيغة {{a},{a,b}}","set-theoretic coding","independent AI semantic replay passed; human review none","2026-08-13","Codex","يحفظ الاسمين والنسبة إلى التعريف الوارد في المصدر ولا يغير ترميز الزوج"
"triple; quadruple; ordered n-tuple","ثلاثية؛ رباعية؛ صف مرتب من n عناصر","chosen","متجه؛ مصفوفة","n-توئية: مرشح اصطلاحي يحتاج ربطًا بمصدر؛ متتالية مرتبة: شرح أعم","set theory and finite sequences","independent AI semantic replay passed; human review none; regional review pending","2026-08-13","Codex","الصياغة الوصفية تفصل الصف المرتب العام عن المتجه ذي البنية الجبرية وتحفظ التجميع العودي إلى اليسار في المصدر"
"Cartesian product","الضرب الديكارتي","chosen","حاصل الضرب الكارتيزي","الجداء الديكارتي: مرادف مغاربي محتمل يحتاج ربطًا بمصدر؛ حاصل الضرب الديكارتي: شرح مقبول","set theory","independent AI semantic replay passed; human review none; regional review pending","2026-08-13","Codex","يربط الرأس بالرمز times وبمجموعة جميع الأزواج المرتبة التي أولها من A وثانيها من B"
"recursive definition","تعريف عودي","chosen","تعريف تكراري بوصفه الرأس الوحيد","تعريف استدعائي: شائع في الحوسبة أكثر من هذا السياق الرياضي","foundations and sequences","independent AI semantic replay passed; human review none","2026-08-13","Codex","يحفظ خطوتي الأساس A^1=A والعود A^{k+1}=A^k times A"
"word over A","كلمة على A","chosen","كلمة فوق A بوصفها الرأس الوحيد","كلمة على أبجدية: صيغة أخص حين تكون A أبجدية؛ سلسلة: مصطلح مرتبط لكنه لا يستبدل لفظ word في المصدر","formal languages and computer science","independent AI semantic replay passed; human review none","2026-08-13","Codex","يحفظ تعريف الكلمة بوصفها متتالية من عناصر A واتفاق عد العنصر كلمة طولها واحد والمجموعة الخالية متتالية طولها صفر"
"empty set used as the length-zero sequence","المجموعة الخالية ممثلةً للمتتالية ذات الطول صفر","source_convention_preserved","استبدال الرمز الصامت بسلسلة خالية جديدة","يمثل المصدر المتتالية ذات الطول صفر بالرمز emptyset ضمن A*","formal-language convention","independent AI semantic replay passed; human review none","2026-08-13","Codex","حُفظ الرمز والصياغة كما وردا دون توحيدهما صامتًا مع رمز السلسلة الفارغة Lambda المستعمل في وحدة سابقة"
"Russell's Paradox","مفارقة راسل","chosen","تناقض راسل بوصفه عنوانًا","راسل: النقل العربي المعتمد للاسم Russell في هذه الوحدة","set theory and foundations","independent AI semantic replay passed after polarity correction; human review none","2026-08-13","Codex","يحفظ الاسم العلم ويفصل عنوان المفارقة عن التناقض الصريح المستنتج داخل البرهان"
"comprehension (set theory)","الاستيعاب","chosen","الفهم; الاحتواء","تكوين مجموعة بجمع كل الأشياء التي تحقق خاصيةً ما: شرح وظيفي لا رأس بديل","set theory and foundations","independent AI semantic replay passed; human review none; expert review pending","2026-08-13","Codex","استُعمل هنا للمبدأ الساذج الذي يفترض أن كل خاصية تعرّف مجموعة؛ لم يُخلط بمخطط الفصل المقيّد في النظرية البديهية"
"self-membered; non-self-membered set","مجموعة منتمية إلى نفسها؛ مجموعة غير منتمية إلى نفسها","chosen","مجموعة عضو في ذاتها بوصفه الرأس الوحيد; مجموعة ذاتية العضوية","الانتماء إلى النفس: صيغة مختصرة؛ الخاصية مضبوطة بالصيغة x in x أو نفيها","set theory and foundations","independent AI semantic replay passed after polarity correction; human review none; regional review pending","2026-08-13","Codex","يحفظ الفرق بين انتماء المجموعة إلى نفسها وبين مجرد احتوائها على مجموعة أخرى، ويطابق اتجاه رمزي in وnotin"
"consistent; inconsistent (formal theory or claim)","متسق؛ غير متسق","chosen","منسجم؛ غير منسجم بوصفهما الرأسين الوحيدين","الاتساق هنا منطقي: خلو النسق أو الادعاءات من التناقض، لا مجرد حسن الأسلوب","logic and foundations","independent AI semantic replay passed; human review none; expert review pending","2026-08-13","Codex","ترجمت العبارة inconsistent claim إلى ادعاء غير متسق وربطت ذلك بالتناقض الذي تعرضه الوحدة"
